ship_date,daily_total,running_total,moving_avg
2010-12-07,0.49,0.49,0.490000
2009-07-27,0.49,0.98,0.490000
2011-03-31,0.50,1.48,0.493333
2010-01-29,0.50,1.98,0.495000
2010-08-07,0.50,2.48,0.496000
2012-09-29,0.70,3.18,0.530000
2012-07-26,0.94,4.12,0.588571
2012-05-16,1.20,5.32,0.690000
2011-01-18,1.39,6.71,0.818571
2010-05-10,1.39,8.10,0.945714
2011-11-07,1.49,9.59,1.087143
2009-09-23,1.49,11.08,1.228571
2012-10-15,1.75,12.83,1.378571
2011-04-12,1.99,14.82,1.528571
2011-10-11,1.99,16.81,1.641429
2012-04-05,2.32,19.13,1.774286
2011-05-17,2.40,21.53,1.918571
2010-05-18,4.51,26.04,2.350000
2011-05-16,4.62,30.66,2.797143
2009-10-09,4.86,35.52,3.241429
2011-09-29,4.90,40.42,3.657143
2011-04-23,4.92,45.34,4.075714
2011-12-05,4.98,50.32,4.455714
2011-01-01,5.01,55.33,4.828571
2009-08-11,5.03,60.36,4.902857
2012-05-18,5.14,65.50,4.977143
2009-01-09,5.30,70.80,5.040000
2011-10-28,5.30,76.10,5.097143
2010-07-13,5.74,81.84,5.214286
2010-01-09,5.76,87.60,5.325714
2011-09-10,5.84,93.44,5.444286
2011-08-25,5.98,99.42,5.580000
2012-08-19,5.99,105.41,5.701429
2011-07-08,6.02,111.43,5.804286
2009-07-20,6.05,117.48,5.911429
2011-02-28,6.21,123.69,5.978571
2009-11-09,6.29,129.98,6.054286
2011-07-13,6.33,136.31,6.124286
2009-04-16,6.69,143.00,6.225714
2009-12-20,7.08,150.08,6.381429
2009-06-15,7.10,157.18,6.535714
2011-11-16,7.20,164.38,6.700000
2010-07-15,7.28,171.66,6.852857
2012-07-11,7.40,179.06,7.011429
2010-08-13,7.50,186.56,7.178571
2012-06-22,7.51,194.07,7.295714
2012-01-25,7.72,201.79,7.387143
2010-05-30,7.82,209.61,7.490000
2009-01-12,7.90,217.51,7.590000
2012-11-17,8.00,225.51,7.692857
2011-02-18,8.02,233.53,7.781429
2010-01-30,8.07,241.60,7.862857
2011-10-25,8.13,249.73,7.951429
2012-11-28,8.13,257.86,8.010000
2012-01-19,8.18,266.04,8.061429
2010-09-28,8.45,274.49,8.140000
2012-09-28,8.50,282.99,8.211429
2009-09-22,8.70,291.69,8.308571
2012-01-30,8.82,300.51,8.415714
2011-10-31,8.95,309.46,8.532857
2012-06-24,8.99,318.45,8.655714
2009-12-31,8.99,327.44,8.771429
2012-09-04,8.99,336.43,8.848571
2012-01-26,9.03,345.46,8.924286
2011-02-24,9.06,354.52,8.975714
2009-09-03,9.07,363.59,9.011429
2011-06-27,9.20,372.79,9.047143
2009-05-19,9.28,382.07,9.088571
2012-11-18,9.37,391.44,9.142857
2009-10-28,9.43,400.87,9.205714
2012-06-25,9.57,410.44,9.282857
2009-12-10,9.61,420.05,9.361429
2010-09-13,9.62,429.67,9.440000
2012-04-30,9.77,439.44,9.521429
2011-03-03,9.96,449.40,9.618571
2011-11-25,10.00,459.40,9.708571
2012-03-23,10.02,469.42,9.792857
2012-07-07,10.03,479.45,9.858571
2011-03-21,10.07,489.52,9.924286
2011-10-07,10.48,500.00,10.047143
2010-09-20,10.50,510.50,10.151429
2011-05-01,10.59,521.09,10.241429
2011-01-21,10.67,531.76,10.337143
2010-06-01,10.75,542.51,10.441429
2009-08-09,10.76,553.27,10.545714
2012-04-02,10.81,564.08,10.651429
2012-07-30,11.14,575.22,10.745714
2011-02-03,11.16,586.38,10.840000
2011-05-20,11.20,597.58,10.927143
2009-01-30,11.26,608.84,11.011429
2010-07-07,11.40,620.24,11.104286
2009-08-31,11.40,631.64,11.195714
2011-02-04,11.51,643.15,11.295714
2009-05-10,11.58,654.73,11.358571
2010-04-14,11.68,666.41,11.432857
2011-05-08,11.74,678.15,11.510000
2012-02-09,11.77,689.92,11.582857
2012-11-22,11.98,701.90,11.665714
2010-04-23,12.05,713.95,11.758571
2009-04-20,12.30,726.25,11.871429
2011-12-30,12.35,738.60,11.981429
2010-06-21,12.55,751.15,12.105714
2011-01-08,12.75,763.90,12.250000
2009-06-05,12.80,776.70,12.397143
2010-10-12,12.85,789.55,12.521429
2009-10-31,12.86,802.41,12.637143
2011-01-29,12.93,815.34,12.727143
2011-05-04,12.96,828.30,12.814286
2012-12-27,13.00,841.30,12.878571
2009-11-20,13.02,854.32,12.917143
2009-10-06,13.20,867.52,12.974286
2010-11-07,13.20,880.72,13.024286
2010-07-17,13.45,894.17,13.108571
2009-10-07,13.48,907.65,13.187143
2012-05-05,13.63,921.28,13.282857
2010-04-28,13.71,934.99,13.384286
2009-06-27,13.87,948.86,13.505714
2012-01-17,13.88,962.74,13.602857
2012-10-18,13.93,976.67,13.707143
2010-03-17,13.99,990.66,13.784286
2011-08-03,14.24,1004.90,13.892857
2012-06-18,14.25,1019.15,13.981429
2009-03-21,14.25,1033.40,14.058571
2012-09-27,14.33,1047.73,14.124286
2010-12-31,14.39,1062.12,14.197143
2012-12-20,14.45,1076.57,14.271429
2011-05-27,14.57,1091.14,14.354286
2009-04-09,14.79,1105.93,14.432857
2011-01-26,14.82,1120.75,14.514286
2011-03-29,14.82,1135.57,14.595714
2009-04-29,14.83,1150.40,14.667143
2012-06-07,14.86,1165.26,14.734286
2011-07-06,14.86,1180.12,14.792857
2011-11-27,14.98,1195.10,14.851429
2012-09-13,14.98,1210.08,14.878571
2011-05-31,15.03,1225.11,14.908571
2011-11-22,15.13,1240.24,14.952857
2010-01-14,15.27,1255.51,15.015714
2012-02-23,15.31,1270.82,15.080000
2010-03-11,15.48,1286.30,15.168571
2010-12-20,15.54,1301.84,15.248571
2011-11-30,15.57,1317.41,15.332857
2010-06-10,15.59,1333.00,15.412857
2011-08-31,15.59,1348.59,15.478571
2012-08-26,15.68,1364.27,15.537143
2011-06-20,15.68,1379.95,15.590000
2012-07-24,15.68,1395.63,15.618571
2011-08-09,15.71,1411.34,15.642857
2010-08-18,15.81,1427.15,15.677143
2012-12-17,15.88,1443.03,15.718571
2012-03-01,16.04,1459.07,15.782857
2010-11-06,16.21,1475.28,15.858571
2012-04-19,16.31,1491.59,15.948571
2012-03-22,16.38,1507.97,16.048571
2010-02-18,16.45,1524.42,16.154286
2009-12-05,16.52,1540.94,16.255714
2010-08-21,16.54,1557.48,16.350000
2009-12-16,16.80,1574.28,16.458571
2010-05-31,16.97,1591.25,16.567143
2010-01-18,17.05,1608.30,16.672857
2009-02-17,17.14,1625.44,16.781429
2012-05-06,17.20,1642.64,16.888571
2012-07-10,17.34,1659.98,17.005714
2012-10-02,17.36,1677.34,17.122857
2011-08-06,17.37,1694.71,17.204286
2009-09-08,17.38,1712.09,17.262857
2009-01-03,17.54,1729.63,17.332857
2012-02-17,17.69,1747.32,17.411429
2011-01-24,17.71,1765.03,17.484286
2012-10-27,17.72,1782.75,17.538571
2012-02-21,17.75,1800.50,17.594286
2012-04-26,17.86,1818.36,17.664286
2012-10-10,17.93,1836.29,17.742857
2012-01-27,17.94,1854.23,17.800000
2012-02-03,17.97,1872.20,17.840000
2009-10-08,18.08,1890.28,17.892857
2009-08-05,18.13,1908.41,17.951429
2012-08-12,18.20,1926.61,18.015714
2010-10-29,18.30,1944.91,18.078571
2010-06-14,18.49,1963.40,18.158571
2012-12-19,18.51,1981.91,18.240000
2011-10-14,18.53,2000.44,18.320000
2011-11-02,18.57,2019.01,18.390000
2009-01-25,18.60,2037.61,18.457143
2011-10-27,18.64,2056.25,18.520000
2011-08-18,18.66,2074.91,18.571429
2011-01-28,18.80,2093.71,18.615714
2010-03-06,18.90,2112.61,18.671429
2010-09-17,18.91,2131.52,18.725714
2011-03-08,18.97,2150.49,18.782857
2010-05-06,19.06,2169.55,18.848571
2010-12-06,19.15,2188.70,18.921429
2011-04-03,19.16,2207.86,18.992857
2012-08-27,19.22,2227.08,19.052857
2011-04-14,19.28,2246.36,19.107143
2012-11-09,19.38,2265.74,19.174286
2010-04-26,19.48,2285.22,19.247143
2010-06-09,19.75,2304.97,19.345714
2011-09-07,19.97,2324.94,19.462857
2011-03-01,19.99,2344.93,19.581429
2011-09-20,19.99,2364.92,19.691429
2011-10-13,20.03,2384.95,19.798571
2012-08-06,20.12,2405.07,19.904286
2011-02-22,20.13,2425.20,19.997143
2012-01-23,20.35,2445.55,20.082857
2011-08-19,20.41,2465.96,20.145714
2011-05-14,20.45,2486.41,20.211429
2011-02-20,20.48,2506.89,20.281429
2011-09-30,20.52,2527.41,20.351429
2009-03-18,20.63,2548.04,20.424286
2009-05-17,20.68,2568.72,20.502857
2012-08-04,20.69,2589.41,20.551429
2012-08-11,20.80,2610.21,20.607143
2009-08-08,20.91,2631.12,20.672857
2009-11-18,21.21,2652.33,20.777143
2010-06-30,21.22,2673.55,20.877143
2011-03-30,21.23,2694.78,20.962857
2011-04-24,21.24,2716.02,21.042857
2012-02-22,21.37,2737.39,21.140000
2012-01-18,21.42,2758.81,21.228571
2012-01-29,21.47,2780.28,21.308571
2009-01-06,21.48,2801.76,21.347143
2010-03-25,21.50,2823.26,21.387143
2010-08-15,21.57,2844.83,21.435714
2009-10-12,21.59,2866.42,21.485714
2009-01-04,21.81,2888.23,21.548571
2011-06-14,21.84,2910.07,21.608571
2009-06-29,21.86,2931.93,21.664286
2012-10-03,21.98,2953.91,21.735714
2011-07-04,21.99,2975.90,21.805714
2009-10-15,22.02,2997.92,21.870000
2011-09-22,22.05,3019.97,21.935714
2011-08-21,22.07,3042.04,21.972857
2009-05-04,22.35,3064.39,22.045714
2009-05-26,22.51,3086.90,22.138571
2010-01-17,22.55,3109.45,22.220000
2012-10-14,22.61,3132.06,22.308571
2012-04-07,22.68,3154.74,22.402857
2011-02-08,22.73,3177.47,22.500000
2011-10-06,22.78,3200.25,22.601429
2012-12-16,22.85,3223.10,22.672857
2011-01-04,22.88,3245.98,22.725714
2012-01-10,23.02,3269.00,22.792857
2012-12-21,23.03,3292.03,22.852857
2012-07-04,23.10,3315.13,22.912857
2012-02-20,23.12,3338.25,22.968571
2012-06-13,23.13,3361.38,23.018571
2010-03-22,23.16,3384.54,23.062857
2009-05-31,23.28,3407.82,23.120000
2009-03-03,23.33,3431.15,23.164286
2009-09-01,23.37,3454.52,23.212857
2012-05-02,23.38,3477.90,23.252857
2011-08-08,23.40,3501.30,23.292857
2011-09-25,23.62,3524.92,23.362857
2011-07-21,23.66,3548.58,23.434286
2012-04-21,23.67,3572.25,23.490000
2012-07-19,23.70,3595.95,23.542857
2010-06-22,23.90,3619.85,23.618571
2009-01-21,23.90,3643.75,23.692857
2011-03-09,24.10,3667.85,23.792857
2009-10-29,24.12,3691.97,23.864286
2009-09-20,24.17,3716.14,23.937143
2009-02-05,24.28,3740.42,24.024286
2011-10-05,24.31,3764.73,24.111429
2011-01-10,24.41,3789.14,24.184286
2010-06-06,24.46,3813.60,24.264286
2009-02-06,24.47,3838.07,24.317143
2010-04-02,24.47,3862.54,24.367143
2012-08-07,24.49,3887.03,24.412857
2010-10-08,24.62,3911.65,24.461429
2009-04-28,24.63,3936.28,24.507143
2012-07-15,24.64,3960.92,24.540000
2009-10-13,24.72,3985.64,24.577143
2009-02-02,24.76,4010.40,24.618571
2011-04-28,24.79,4035.19,24.664286
2011-07-10,24.83,4060.02,24.712857
2010-08-25,24.85,4084.87,24.745714
2009-12-27,24.95,4109.82,24.791429
2010-03-24,24.99,4134.81,24.841429
2012-10-24,24.99,4159.80,24.880000
2011-07-15,25.08,4184.88,24.925714
2011-09-08,25.18,4210.06,24.981429
2010-06-17,25.18,4235.24,25.031429
2010-09-09,25.58,4260.82,25.135714
2009-07-26,25.62,4286.44,25.231429
2009-12-07,25.67,4312.11,25.328571
2012-09-11,25.69,4337.80,25.428571
2011-05-25,25.76,4363.56,25.525714
2011-07-31,25.76,4389.32,25.608571
2010-04-29,25.76,4415.08,25.691429
2009-04-12,25.80,4440.88,25.722857
2009-10-05,26.17,4467.05,25.801429
2011-11-17,26.19,4493.24,25.875714
2009-04-05,26.23,4519.47,25.952857
2012-12-25,26.30,4545.77,26.030000
2009-12-08,26.31,4572.08,26.108571
2012-04-28,26.33,4598.41,26.190000
2010-01-06,26.39,4624.80,26.274286
2011-10-17,26.46,4651.26,26.315714
2012-03-26,26.47,4677.73,26.355714
2010-12-08,26.48,4704.21,26.391429
2010-12-19,26.59,4730.80,26.432857
2011-03-24,26.60,4757.40,26.474286
2009-02-24,26.66,4784.06,26.521429
2011-08-20,26.67,4810.73,26.561429
2010-06-19,26.87,4837.60,26.620000
2010-12-10,26.92,4864.52,26.684286
2012-02-01,27.10,4891.62,26.772857
2009-11-11,27.13,4918.75,26.850000
2009-10-20,27.13,4945.88,26.925714
2011-04-06,27.14,4973.02,26.994286
2011-10-16,27.18,5000.20,27.067143
2010-10-06,27.21,5027.41,27.115714
2009-11-27,27.23,5054.64,27.160000
2009-10-16,27.24,5081.88,27.180000
2012-06-16,27.33,5109.21,27.208571
2011-04-21,27.35,5136.56,27.240000
2010-11-21,27.42,5163.98,27.280000
2010-11-30,27.48,5191.46,27.322857
2011-11-10,27.52,5218.98,27.367143
2012-05-24,27.59,5246.57,27.418571
2011-10-09,27.81,5274.38,27.500000
2011-12-08,27.81,5302.19,27.568571
2010-11-04,28.06,5330.25,27.670000
2011-01-23,28.09,5358.34,27.765714
2012-06-03,28.10,5386.44,27.854286
2010-02-03,28.18,5414.62,27.948571
2011-01-14,28.19,5442.81,28.034286
2011-03-02,28.36,5471.17,28.112857
2012-01-03,28.38,5499.55,28.194286
2012-06-08,28.40,5527.95,28.242857
2012-10-22,28.40,5556.35,28.287143
2009-07-21,28.52,5584.87,28.347143
2011-04-18,28.54,5613.41,28.398571
2010-09-01,28.64,5642.05,28.462857
2010-08-27,28.71,5670.76,28.512857
2009-01-29,28.78,5699.54,28.570000
2009-06-19,28.80,5728.34,28.627143
2010-03-23,28.86,5757.20,28.692857
2009-06-13,28.98,5786.18,28.758571
2012-11-27,29.03,5815.21,28.828571
2012-01-28,29.15,5844.36,28.901429
2009-10-17,29.21,5873.57,28.972857
2011-12-11,29.31,5902.88,29.048571
2009-10-11,29.31,5932.19,29.121429
2012-08-25,29.32,5961.51,29.187143
2010-02-11,29.35,5990.86,29.240000
2009-06-30,29.36,6020.22,29.287143
2009-05-20,29.62,6049.84,29.354286
2009-07-10,29.70,6079.54,29.424286
2009-10-18,29.73,6109.27,29.484286
2011-05-06,29.88,6139.15,29.565714
2010-07-09,29.96,6169.11,29.657143
2010-03-26,29.98,6199.09,29.747143
2009-04-23,30.03,6229.12,29.842857
2010-03-28,30.06,6259.18,29.905714
2010-02-09,30.10,6289.28,29.962857
2011-03-04,30.12,6319.40,30.018571
2010-04-27,30.19,6349.59,30.062857
2011-06-30,30.25,6379.84,30.104286
2010-12-11,30.26,6410.10,30.144286
2011-06-26,30.26,6440.36,30.177143
2010-08-11,30.29,6470.65,30.210000
2012-10-17,30.31,6500.96,30.240000
2011-06-16,30.31,6531.27,30.267143
2012-05-09,30.49,6561.76,30.310000
2010-08-16,30.51,6592.27,30.347143
2011-01-20,30.57,6622.84,30.391429
2012-09-07,30.64,6653.48,30.445714
2009-02-03,30.69,6684.17,30.502857
2011-07-27,30.77,6714.94,30.568571
2011-04-05,30.90,6745.84,30.652857
2009-02-28,30.95,6776.79,30.718571
2010-12-05,31.11,6807.90,30.804286
2009-05-28,31.18,6839.08,30.891429
2012-01-31,31.21,6870.29,30.972857
2010-02-07,31.26,6901.55,31.054286
2012-03-31,31.32,6932.87,31.132857
2012-03-04,31.33,6964.20,31.194286
2011-05-15,31.33,6995.53,31.248571
2011-03-15,31.39,7026.92,31.288571
2010-05-25,31.41,7058.33,31.321429
2009-09-02,31.44,7089.77,31.354286
2012-07-27,31.55,7121.32,31.395714
2009-09-04,31.56,7152.88,31.430000
2009-07-24,31.64,7184.52,31.474286
2012-05-30,31.70,7216.22,31.527143
2009-11-02,31.70,7247.92,31.571429
2010-01-21,31.78,7279.70,31.624286
2012-12-03,31.83,7311.53,31.680000
2011-05-28,31.87,7343.40,31.725714
2011-10-15,32.09,7375.49,31.801429
2010-07-08,32.15,7407.64,31.874286
2011-10-12,32.27,7439.91,31.955714
2010-06-23,32.38,7472.29,32.052857
2011-08-24,32.49,7504.78,32.154286
2010-11-08,32.52,7537.30,32.252857
2009-07-11,32.56,7569.86,32.351429
2010-11-03,32.56,7602.42,32.418571
2012-02-11,32.57,7634.99,32.478571
2011-06-12,32.87,7667.86,32.564286
2009-08-21,32.93,7700.79,32.642857
2009-08-06,33.01,7733.80,32.717143
2009-12-09,33.12,7766.92,32.802857
2010-04-16,33.19,7800.11,32.892857
2009-11-06,33.32,7833.43,33.001429
2011-09-05,33.40,7866.83,33.120000
2010-03-19,33.69,7900.52,33.237143
2010-03-13,33.76,7934.28,33.355714
2010-05-26,33.85,7968.13,33.475714
2012-02-14,33.93,8002.06,33.591429
2012-08-03,34.24,8036.30,33.741429
2012-11-06,34.27,8070.57,33.877143
2011-09-28,34.44,8105.01,34.025714
2009-02-21,34.72,8139.73,34.172857
2011-05-19,34.78,8174.51,34.318571
2012-11-16,34.78,8209.29,34.451429
2012-11-13,34.93,8244.22,34.594286
2011-02-23,34.98,8279.20,34.700000
2012-10-21,34.99,8314.19,34.802857
2009-03-01,35.00,8349.19,34.882857
2012-07-16,35.04,8384.23,34.928571
2009-09-29,35.17,8419.40,34.984286
2012-11-04,35.32,8454.72,35.061429
2012-02-24,35.54,8490.26,35.148571
2010-10-22,35.78,8526.04,35.262857
2009-04-27,35.85,8561.89,35.385714
2012-03-19,35.95,8597.84,35.521429
2010-08-20,36.06,8633.90,35.667143
2010-09-05,36.17,8670.07,35.810000
2010-08-19,36.18,8706.25,35.932857
2010-08-24,36.19,8742.44,36.025714
2012-02-26,36.22,8778.66,36.088571
2011-02-19,36.31,8814.97,36.154286
2009-06-18,36.81,8851.78,36.277143
2012-05-11,36.83,8888.61,36.387143
2009-05-15,36.83,8925.44,36.481429
2010-09-29,36.85,8962.29,36.577143
2009-01-13,37.01,8999.30,36.694286
2010-06-07,37.02,9036.32,36.808571
2010-02-17,37.08,9073.40,36.918571
2011-07-20,37.11,9110.51,36.961429
2011-03-20,37.12,9147.63,37.002857
2010-04-18,37.21,9184.84,37.057143
2010-11-28,37.26,9222.10,37.115714
2012-05-23,37.33,9259.43,37.161429
2009-03-05,37.48,9296.91,37.227143
2009-01-07,37.56,9334.47,37.295714
2011-04-19,37.64,9372.11,37.371429
2011-09-06,37.81,9409.92,37.470000
2011-12-07,37.84,9447.76,37.560000
2012-03-09,38.00,9485.76,37.665714
2009-03-23,38.15,9523.91,37.782857
2009-06-23,38.16,9562.07,37.880000
2010-02-14,38.32,9600.39,37.988571
2012-03-17,38.42,9638.81,38.100000
2012-03-08,38.45,9677.26,38.191429
2011-09-16,38.48,9715.74,38.282857
2010-12-24,38.52,9754.26,38.357143
2012-07-17,38.76,9793.02,38.444286
2012-03-18,38.80,9831.82,38.535714
2009-11-29,38.93,9870.75,38.622857
2012-04-22,39.08,9909.83,38.717143
2011-11-29,39.41,9949.24,38.854286
2009-04-06,39.54,9988.78,39.005714
2012-10-06,39.59,10028.37,39.158571
2012-06-26,39.78,10068.15,39.304286
2010-05-29,39.82,10107.97,39.450000
2009-09-21,39.83,10147.80,39.578571
2011-08-10,39.85,10187.65,39.688571
2012-11-21,39.93,10227.58,39.762857
2011-01-31,39.95,10267.53,39.821429
2012-01-16,39.97,10307.50,39.875714
2010-05-22,40.20,10347.70,39.935714
2009-11-14,40.22,10387.92,39.992857
2009-11-28,40.45,10428.37,40.081429
2009-03-11,40.49,10468.86,40.172857
2010-06-20,40.52,10509.38,40.257143
2010-11-24,40.57,10549.95,40.345714
2009-03-04,40.59,10590.54,40.434286
2010-10-04,40.65,10631.19,40.498571
2010-10-02,40.89,10672.08,40.594286
2009-07-07,40.97,10713.05,40.668571
2012-03-14,40.99,10754.04,40.740000
2009-09-28,41.14,10795.18,40.828571
2011-08-22,41.23,10836.41,40.922857
2011-10-18,41.27,10877.68,41.020000
2010-01-02,41.28,10918.96,41.110000
2012-05-25,41.48,10960.44,41.194286
2011-02-10,41.53,11001.97,41.274286
2011-07-22,41.58,11043.55,41.358571
2012-11-05,41.59,11085.14,41.422857
2012-06-11,41.61,11126.75,41.477143
2010-08-26,41.77,11168.52,41.548571
2012-05-04,41.78,11210.30,41.620000
2009-10-24,41.83,11252.13,41.670000
2011-06-10,41.85,11293.98,41.715714
2011-08-04,41.90,11335.88,41.761429
2010-10-07,41.92,11377.80,41.808571
2010-02-24,41.94,11419.74,41.855714
2011-10-26,41.95,11461.69,41.881429
2009-11-24,42.04,11503.73,41.918571
2011-12-13,42.28,11546.01,41.982857
2011-01-02,42.29,11588.30,42.045714
2009-09-07,42.35,11630.65,42.110000
2011-01-12,42.54,11673.19,42.198571
2010-05-19,42.56,11715.75,42.287143
2012-11-10,42.69,11758.44,42.392857
2009-04-13,42.93,11801.37,42.520000
2012-03-06,42.95,11844.32,42.615714
2011-06-29,42.96,11887.28,42.711429
2009-10-02,42.98,11930.26,42.801429
2012-03-24,43.21,11973.47,42.897143
2011-06-06,43.21,12016.68,42.990000
2012-12-23,43.21,12059.89,43.064286
2012-09-21,43.29,12103.18,43.115714
2009-07-18,43.43,12146.61,43.184286
2012-05-17,43.55,12190.16,43.268571
2010-07-28,43.56,12233.72,43.351429
2011-01-11,43.69,12277.41,43.420000
2011-07-26,43.87,12321.28,43.514286
2012-05-08,44.15,12365.43,43.648571
2010-05-14,44.18,12409.61,43.775714
2012-07-12,44.40,12454.01,43.914286
2010-10-15,44.46,12498.47,44.044286
2010-03-01,44.67,12543.14,44.202857
2012-05-10,44.84,12587.98,44.367143
2009-04-08,44.90,12632.88,44.514286
2010-02-19,44.92,12677.80,44.624286
2012-09-30,45.04,12722.84,44.747143
2010-06-16,45.11,12767.95,44.848571
2011-07-14,45.27,12813.22,44.964286
2009-10-03,45.43,12858.65,45.072857
2012-03-20,45.50,12904.15,45.167143
2012-02-05,45.56,12949.71,45.261429
2012-02-15,45.89,12995.60,45.400000
2010-03-03,45.97,13041.57,45.532857
2009-09-06,45.98,13087.55,45.657143
2011-12-25,46.00,13133.55,45.761429
2009-01-17,46.02,13179.57,45.845714
2009-06-04,46.19,13225.76,45.944286
2010-09-18,46.20,13271.96,46.035714
2010-10-05,46.28,13318.24,46.091429
2012-06-15,46.35,13364.59,46.145714
2011-09-27,46.46,13411.05,46.214286
2010-01-24,46.98,13458.03,46.354286
2010-04-25,47.14,13505.17,46.514286
2012-04-01,47.27,13552.44,46.668571
2012-02-04,47.29,13599.73,46.824286
2009-04-22,47.37,13647.10,46.980000
2011-10-30,47.39,13694.49,47.128571
2010-01-26,47.42,13741.91,47.265714
2011-03-25,47.68,13789.59,47.365714
2011-09-23,47.84,13837.43,47.465714
2012-06-02,47.84,13885.27,47.547143
2010-02-08,48.09,13933.36,47.661429
2009-12-22,48.15,13981.51,47.772857
2010-02-23,48.19,14029.70,47.887143
2012-07-21,48.19,14077.89,47.997143
2012-10-05,48.20,14126.09,48.071429
2012-01-22,48.24,14174.33,48.128571
2010-11-13,48.38,14222.71,48.205714
2011-09-14,48.59,14271.30,48.277143
2012-10-08,48.76,14320.06,48.364286
2012-04-13,48.80,14368.86,48.451429
2012-09-08,48.81,14417.67,48.540000
2010-03-16,48.85,14466.52,48.632857
2011-12-20,48.86,14515.38,48.721429
2011-03-14,48.94,14564.32,48.801429
2010-07-16,48.94,14613.26,48.851429
2010-01-01,48.96,14662.22,48.880000
2010-03-31,49.00,14711.22,48.908571
2011-10-10,49.01,14760.23,48.937143
2011-08-11,49.03,14809.26,48.962857
2012-12-10,49.19,14858.45,49.010000
2011-12-24,49.20,14907.65,49.047143
2011-02-05,49.24,14956.89,49.090000
2010-05-11,49.24,15006.13,49.130000
2012-05-20,49.25,15055.38,49.165714
2009-06-11,49.29,15104.67,49.205714
2009-09-05,49.30,15153.97,49.244286
2012-10-30,49.34,15203.31,49.265714
2010-06-11,49.36,15252.67,49.288571
2011-12-14,49.48,15302.15,49.322857
2012-12-11,49.58,15351.73,49.371429
2010-10-21,49.64,15401.37,49.427143
2010-01-25,49.64,15451.01,49.477143
2012-07-29,49.90,15500.91,49.562857
2010-01-05,50.18,15551.09,49.682857
2011-03-18,50.38,15601.47,49.828571
2010-08-14,50.46,15651.93,49.968571
2011-05-12,50.49,15702.42,50.098571
2009-01-24,50.62,15753.04,50.238571
2012-10-16,50.69,15803.73,50.388571
2010-05-04,50.69,15854.42,50.501429
2009-06-26,50.77,15905.19,50.585714
2012-08-31,50.78,15955.97,50.642857
2009-09-30,50.88,16006.85,50.702857
2009-12-23,50.97,16057.82,50.771429
2010-11-12,51.00,16108.82,50.825714
2011-08-27,51.04,16159.86,50.875714
2009-09-18,51.16,16211.02,50.942857
2009-03-27,51.33,16262.35,51.022857
2009-05-29,51.54,16313.89,51.131429
2012-10-11,51.58,16365.47,51.231429
2010-05-23,51.64,16417.11,51.327143
2009-01-05,51.66,16468.77,51.421429
2009-09-24,51.70,16520.47,51.515714
2009-10-27,51.74,16572.21,51.598571
2010-10-19,51.79,16624.00,51.664286
2010-01-28,51.99,16675.99,51.728571
2010-08-01,52.18,16728.17,51.814286
2012-04-20,52.18,16780.35,51.891429
2010-01-31,52.21,16832.56,51.970000
2009-10-14,52.22,16884.78,52.044286
2012-08-23,52.44,16937.22,52.144286
2009-03-31,52.49,16989.71,52.244286
2011-02-26,52.54,17042.25,52.322857
2010-04-01,52.58,17094.83,52.380000
2011-12-23,52.59,17147.42,52.438571
2009-09-17,52.67,17200.09,52.504286
2010-08-30,52.69,17252.78,52.571429
2011-11-11,52.83,17305.61,52.627143
2011-03-27,52.83,17358.44,52.675714
2011-12-28,52.92,17411.36,52.730000
2011-01-30,52.92,17464.28,52.778571
2009-02-14,53.11,17517.39,52.852857
2010-10-01,53.13,17570.52,52.918571
2009-12-25,53.17,17623.69,52.987143
2012-12-14,53.21,17676.90,53.041429
2010-01-20,53.25,17730.15,53.101429
2010-09-10,53.70,17783.85,53.212857
2010-11-25,53.71,17837.56,53.325714
2010-03-18,53.92,17891.48,53.441429
2009-07-25,54.29,17945.77,53.607143
2011-11-15,54.69,18000.46,53.824286
2009-11-15,54.80,18055.26,54.051429
2011-09-19,55.09,18110.35,54.314286
2010-04-11,55.30,18165.65,54.542857
2009-02-01,55.46,18221.11,54.792857
2012-05-21,55.72,18276.83,55.050000
2010-07-02,55.90,18332.73,55.280000
2012-03-03,56.18,18388.91,55.492857
2009-02-08,56.37,18445.28,55.717143
2010-07-03,56.46,18501.74,55.912857
2010-12-03,56.65,18558.39,56.105714
2011-11-28,56.65,18615.04,56.275714
2009-07-16,56.73,18671.77,56.420000
2009-11-26,56.74,18728.51,56.540000
2010-11-22,56.80,18785.31,56.628571
2010-02-15,56.90,18842.21,56.704286
2009-09-19,56.93,18899.14,56.771429
2009-09-14,56.95,18956.09,56.814286
2009-11-16,57.00,19013.09,56.864286
2009-08-29,57.10,19070.19,56.917143
2011-07-07,57.16,19127.35,56.977143
2011-12-02,57.62,19184.97,57.094286
2011-05-18,57.74,19242.71,57.214286
2009-02-11,57.89,19300.60,57.351429
2010-02-16,58.27,19358.87,57.540000
2010-06-05,58.37,19417.24,57.735714
2012-04-16,58.39,19475.63,57.920000
2010-09-27,58.40,19534.03,58.097143
2011-12-10,58.49,19592.52,58.221429
2010-03-10,58.66,19651.18,58.352857
2009-02-22,58.72,19709.90,58.471429
2010-08-04,59.00,19768.90,58.575714
2009-08-15,59.06,19827.96,58.674286
2009-05-12,59.25,19887.21,58.797143
2010-09-06,59.26,19946.47,58.920000
2009-12-18,59.32,20005.79,59.038571
2011-04-07,59.33,20065.12,59.134286
2012-09-02,59.38,20124.50,59.228571
2010-10-26,59.41,20183.91,59.287143
2012-11-14,59.44,20243.35,59.341429
2011-12-15,59.51,20302.86,59.378571
2009-07-23,59.68,20362.54,59.438571
2011-07-12,59.72,20422.26,59.495714
2009-06-06,59.89,20482.15,59.575714
2012-08-29,59.98,20542.13,59.661429
2010-03-08,60.00,20602.13,59.745714
2011-04-26,60.12,20662.25,59.842857
2011-10-23,60.16,20722.41,59.935714
2012-08-17,60.43,20782.84,60.042857
2009-11-05,60.71,20843.55,60.184286
2010-02-21,61.26,20904.81,60.380000
2012-11-30,61.28,20966.09,60.565714
2012-12-18,61.68,21027.77,60.805714
2011-08-13,61.87,21089.64,61.055714
2011-11-06,61.91,21151.55,61.305714
2009-07-15,62.06,21213.61,61.538571
2010-12-22,62.29,21275.90,61.764286
2009-10-19,62.43,21338.33,61.931429
2011-01-25,62.44,21400.77,62.097143
2012-09-24,62.48,21463.25,62.211429
2011-02-12,62.76,21526.01,62.338571
2011-01-06,62.91,21588.92,62.481429
2011-10-24,62.98,21651.90,62.612857
2012-07-06,63.03,21714.93,62.718571
2010-06-27,63.27,21778.20,62.838571
2012-04-18,63.39,21841.59,62.974286
2010-05-03,63.40,21904.99,63.105714
2009-02-12,63.44,21968.43,63.202857
2009-06-20,63.50,22031.93,63.287143
2009-10-26,63.59,22095.52,63.374286
2010-01-08,63.67,22159.19,63.465714
2010-07-24,63.74,22222.93,63.532857
2012-04-17,63.74,22286.67,63.582857
2011-09-03,63.74,22350.41,63.631429
2011-12-26,64.02,22414.43,63.714286
2012-12-24,64.12,22478.55,63.802857
2009-09-11,64.35,22542.90,63.911429
2009-11-23,64.47,22607.37,64.025714
2012-06-19,64.55,22671.92,64.141429
2012-09-16,64.64,22736.56,64.270000
2009-11-10,64.96,22801.52,64.444286
2012-04-24,64.97,22866.49,64.580000
2010-09-14,65.20,22931.69,64.734286
2011-02-27,65.23,22996.92,64.860000
2010-02-22,65.36,23062.28,64.987143
2009-08-13,65.40,23127.68,65.108571
2012-12-15,65.50,23193.18,65.231429
2010-11-02,65.57,23258.75,65.318571
2012-03-02,65.70,23324.45,65.422857
2009-05-03,65.80,23390.25,65.508571
2010-10-11,65.94,23456.19,65.610000
2010-01-12,65.97,23522.16,65.697143
2009-03-10,66.05,23588.21,65.790000
2011-04-17,66.09,23654.30,65.874286
2010-04-07,66.34,23720.64,65.984286
2009-02-19,66.34,23786.98,66.075714
2009-06-12,66.36,23853.34,66.155714
2012-01-24,66.41,23919.75,66.222857
2012-06-12,66.65,23986.40,66.320000
2011-04-16,66.67,24053.07,66.408571
2009-12-12,66.88,24119.95,66.521429
2009-09-26,66.97,24186.92,66.611429
2012-05-12,67.01,24253.93,66.707143
2012-09-17,67.05,24320.98,66.805714
2009-09-13,67.08,24388.06,66.901429
2010-12-16,67.10,24455.16,66.965714
2009-12-01,67.11,24522.27,67.028571
2012-01-02,67.46,24589.73,67.111429
2011-06-24,67.50,24657.23,67.187143
2011-06-15,67.76,24724.99,67.294286
2012-09-23,67.83,24792.82,67.405714
2011-04-20,67.93,24860.75,67.527143
2009-05-24,67.94,24928.69,67.647143
2010-03-07,68.00,24996.69,67.774286
2011-05-24,68.01,25064.70,67.852857
2012-09-01,68.23,25132.93,67.957143
2010-04-19,68.31,25201.24,68.035714
2010-11-17,68.34,25269.58,68.108571
2009-01-27,68.35,25337.93,68.168571
2012-04-06,68.52,25406.45,68.251429
2009-11-13,68.70,25475.15,68.351429
2009-07-06,68.77,25543.92,68.460000
2011-06-25,68.93,25612.85,68.560000
2012-04-25,69.00,25681.85,68.658571
2011-08-28,69.00,25750.85,68.752857
2012-11-01,69.07,25819.92,68.855714
2012-06-28,69.15,25889.07,68.945714
2011-05-11,69.20,25958.27,69.017143
2010-11-05,69.29,26027.56,69.091429
2011-05-26,69.40,26096.96,69.158571
2012-05-22,69.45,26166.41,69.222857
2012-07-01,69.58,26235.99,69.305714
2012-06-23,69.60,26305.59,69.381429
2010-05-24,69.61,26375.20,69.447143
2009-03-12,69.61,26444.81,69.505714
2009-03-13,69.93,26514.74,69.597143
2011-11-21,69.99,26584.73,69.681429
2009-12-19,70.14,26654.87,69.780000
2011-08-29,70.19,26725.06,69.867143
2011-04-08,70.21,26795.27,69.954286
2010-04-15,70.35,26865.62,70.060000
2010-08-09,70.35,26935.97,70.165714
2010-04-06,70.36,27006.33,70.227143
2012-02-27,70.40,27076.73,70.285714
2012-03-11,70.47,27147.20,70.332857
2009-04-26,70.55,27217.75,70.384286
2009-08-27,70.56,27288.31,70.434286
2009-06-21,70.59,27358.90,70.468571
2010-03-29,70.83,27429.73,70.537143
2010-05-09,71.03,27500.76,70.632857
2011-05-23,71.16,27571.92,70.741429
2010-05-02,71.19,27643.11,70.844286
2012-10-25,71.30,27714.41,70.951429
2011-09-13,71.36,27785.77,71.065714
2012-12-02,71.39,27857.16,71.180000
2011-08-07,71.48,27928.64,71.272857
2009-03-30,71.49,28000.13,71.338571
2009-02-23,71.57,28071.70,71.397143
2011-03-26,71.77,28143.47,71.480000
2011-01-15,71.77,28215.24,71.547143
2012-07-14,71.86,28287.10,71.618571
2009-11-19,72.01,28359.11,71.707143
2009-03-17,72.04,28431.15,71.787143
2010-07-04,72.07,28503.22,71.870000
2010-12-28,72.19,28575.41,71.958571
2012-08-13,72.34,28647.75,72.040000
2009-05-30,72.44,28720.19,72.135714
2010-06-04,72.45,28792.64,72.220000
2012-03-21,72.52,28865.16,72.292857
2009-12-29,72.69,28937.85,72.385714
2011-02-01,72.75,29010.60,72.482857
2010-08-17,72.83,29083.43,72.574286
2009-02-04,72.86,29156.29,72.648571
2009-07-31,72.91,29229.20,72.715714
2011-07-24,72.93,29302.13,72.784286
2011-06-21,73.08,29375.21,72.864286
2011-06-23,73.08,29448.29,72.920000
2010-09-03,73.08,29521.37,72.967143
2011-08-02,73.23,29594.60,73.024286
2009-02-07,73.29,29667.89,73.085714
2011-06-01,73.32,29741.21,73.144286
2010-01-16,73.34,29814.55,73.202857
2011-12-04,73.35,29887.90,73.241429
2009-08-02,73.44,29961.34,73.292857
2011-05-03,73.48,30034.82,73.350000
2009-06-03,73.52,30108.34,73.391429
2010-11-27,73.60,30181.94,73.435714
2009-06-28,73.80,30255.74,73.504286
2009-07-22,73.87,30329.61,73.580000
2011-12-09,73.95,30403.56,73.665714
2012-08-16,74.04,30477.60,73.751429
2012-08-24,74.33,30551.93,73.872857
2011-08-12,74.56,30626.49,74.021429
2011-06-11,74.63,30701.12,74.168571
2010-07-20,74.72,30775.84,74.300000
2011-09-01,74.84,30850.68,74.438571
2010-05-20,74.84,30925.52,74.565714
2009-06-16,74.89,31000.41,74.687143
2011-07-18,74.89,31075.30,74.767143
2010-05-12,74.92,31150.22,74.818571
2009-04-14,75.08,31225.30,74.882857
2009-03-29,75.30,31300.60,74.965714
2012-03-27,75.68,31376.28,75.085714
2012-04-29,75.79,31452.07,75.221429
2010-08-03,75.92,31527.99,75.368571
2011-06-19,75.95,31603.94,75.520000
2010-06-28,76.09,31680.03,75.687143
2010-08-08,76.11,31756.14,75.834286
2012-09-26,76.21,31832.35,75.964286
2011-12-21,76.22,31908.57,76.041429
2010-07-05,76.24,31984.81,76.105714
2012-07-31,76.27,32061.08,76.155714
2010-04-24,76.36,32137.44,76.214286
2009-05-07,76.41,32213.85,76.260000
2011-06-28,76.51,32290.36,76.317143
2011-06-22,76.52,32366.88,76.361429
2011-05-30,76.64,32443.52,76.421429
2010-01-07,76.67,32520.19,76.482857
2010-02-20,76.73,32596.92,76.548571
2011-07-11,76.73,32673.65,76.601429
2011-09-09,76.74,32750.39,76.648571
2012-08-08,76.90,32827.29,76.704286
2009-04-15,76.90,32904.19,76.758571
2012-05-26,76.90,32981.09,76.795714
2011-07-25,76.91,33058.00,76.830000
2009-06-17,76.93,33134.93,76.858571
2011-09-26,76.94,33211.87,76.888571
2009-05-14,76.96,33288.83,76.920000
2010-03-20,77.01,33365.84,76.935714
2012-07-23,77.05,33442.89,76.957143
2012-07-13,77.06,33519.95,76.980000
2011-01-03,77.15,33597.10,77.014286
2009-07-12,77.55,33674.65,77.102857
2010-07-11,77.92,33752.57,77.242857
2011-06-13,78.01,33830.58,77.392857
2011-12-06,78.17,33908.75,77.558571
2011-10-04,78.38,33987.13,77.748571
2010-08-06,78.44,34065.57,77.945714
2010-07-26,78.71,34144.28,78.168571
2011-12-17,78.79,34223.07,78.345714
2012-06-20,78.93,34302.00,78.490000
2011-03-22,79.09,34381.09,78.644286
2009-05-22,79.28,34460.37,78.802857
2010-11-20,79.38,34539.75,78.945714
2012-06-29,79.75,34619.50,79.132857
2011-04-27,79.85,34699.35,79.295714
2011-10-22,80.09,34779.44,79.481429
2011-10-03,80.14,34859.58,79.654286
2011-07-03,80.30,34939.88,79.827143
2009-04-17,80.34,35020.22,79.978571
2012-06-01,80.53,35100.75,80.142857
2010-07-19,80.53,35181.28,80.254286
2012-05-28,80.54,35261.82,80.352857
2009-03-24,80.72,35342.54,80.442857
2009-10-10,80.95,35423.49,80.558571
2009-10-25,80.98,35504.47,80.655714
2009-12-04,81.10,35585.57,80.764286
2011-06-09,81.33,35666.90,80.878571
2011-11-05,81.53,35748.43,81.021429
2009-10-30,81.67,35830.10,81.182857
2009-09-09,81.76,35911.86,81.331429
2009-07-03,81.84,35993.70,81.458571
2011-01-07,81.84,36075.54,81.581429
2011-06-17,81.94,36157.48,81.701429
2011-10-02,82.04,36239.52,81.802857
2009-11-30,82.16,36321.68,81.892857
2012-06-27,82.30,36403.98,81.982857
2009-04-04,82.34,36486.32,82.065714
2012-05-07,82.36,36568.68,82.140000
2012-04-03,82.49,36651.17,82.232857
2010-04-17,82.56,36733.73,82.321429
2011-03-13,82.59,36816.32,82.400000
2011-09-21,82.72,36899.04,82.480000
2011-08-15,82.72,36981.76,82.540000
2011-08-30,82.87,37064.63,82.615714
2009-05-13,82.98,37147.61,82.704286
2011-01-13,83.07,37230.68,82.787143
2010-08-02,83.07,37313.75,82.860000
2012-08-28,83.20,37396.95,82.947143
2010-03-15,83.25,37480.20,83.022857
2010-12-15,83.46,37563.66,83.128571
2010-07-22,83.52,37647.18,83.221429
2010-12-23,83.67,37730.85,83.320000
2009-03-26,83.98,37814.83,83.450000
2010-10-17,83.98,37898.81,83.580000
2009-02-18,84.22,37983.03,83.725714
2009-02-13,84.36,38067.39,83.884286
2009-08-14,84.44,38151.83,84.024286
2010-05-05,84.74,38236.57,84.198571
2012-01-05,84.99,38321.56,84.387143
2011-02-25,85.12,38406.68,84.550000
2011-11-14,85.14,38491.82,84.715714
2012-01-15,85.23,38577.05,84.860000
2009-08-03,85.30,38662.35,84.994286
2012-05-19,85.31,38747.66,85.118571
2012-03-13,85.32,38832.98,85.201429
2012-10-09,85.32,38918.30,85.248571
2009-03-16,85.40,39003.70,85.288571
2009-02-10,85.47,39089.17,85.335714
2011-12-03,85.95,39175.12,85.438571
2012-11-29,86.27,39261.39,85.577143
2012-05-13,86.28,39347.67,85.715714
2010-06-02,86.54,39434.21,85.890000
2012-08-21,86.56,39520.77,86.067143
2010-07-10,86.84,39607.61,86.272857
2012-11-24,87.01,39694.62,86.492857
2011-07-23,87.22,39781.84,86.674286
2011-03-11,87.23,39869.07,86.811429
2009-07-17,87.25,39956.32,86.950000
2011-04-11,87.34,40043.66,87.064286
2010-01-27,87.44,40131.10,87.190000
2011-06-04,87.49,40218.59,87.282857
2009-08-19,87.54,40306.13,87.358571
2010-01-23,87.79,40393.92,87.440000
2011-03-17,87.79,40481.71,87.520000
2009-08-25,87.86,40569.57,87.607143
2009-05-21,88.02,40657.59,87.704286
2012-03-29,88.17,40745.76,87.808571
2010-04-04,88.19,40833.95,87.908571
2010-05-07,88.46,40922.41,88.040000
2011-09-11,88.55,41010.96,88.148571
2012-10-04,88.58,41099.54,88.261429
2012-06-21,88.73,41188.27,88.385714
2012-10-28,88.85,41277.12,88.504286
2009-08-17,88.90,41366.02,88.608571
2011-10-19,88.96,41454.98,88.718571
2010-04-03,89.07,41544.05,88.805714
2010-02-28,89.25,41633.30,88.905714
2011-05-09,89.29,41722.59,89.007143
2011-07-30,89.47,41812.06,89.112857
2010-02-01,89.50,41901.56,89.205714
2011-07-09,89.55,41991.11,89.298571
2012-09-22,89.60,42080.71,89.390000
2009-04-24,89.72,42170.43,89.482857
2012-10-13,89.77,42260.20,89.557143
2010-12-29,89.93,42350.13,89.648571
2012-03-10,90.04,42440.17,89.730000
2010-06-25,90.05,42530.22,89.808571
2009-12-30,90.08,42620.30,89.884286
2011-11-23,90.13,42710.43,89.960000
2011-02-02,90.34,42800.77,90.048571
2012-09-25,90.54,42891.31,90.158571
2012-12-26,90.59,42981.90,90.252857
2010-07-21,90.81,43072.71,90.362857
2010-03-02,90.91,43163.62,90.485714
2010-02-10,90.93,43254.55,90.607143
2012-11-26,90.96,43345.51,90.725714
2009-07-04,91.47,43436.98,90.887143
2011-11-03,91.52,43528.50,91.027143
2009-08-20,91.57,43620.07,91.167143
2012-11-23,91.72,43711.79,91.297143
2011-01-05,91.80,43803.59,91.424286
2009-01-11,92.13,43895.72,91.595714
2012-10-23,92.35,43988.07,91.794286
2009-01-18,92.59,44080.66,91.954286
2012-12-08,92.80,44173.46,92.137143
2009-08-28,93.06,44266.52,92.350000
2012-07-20,93.35,44359.87,92.582857
2010-01-19,93.48,44453.35,92.822857
2011-04-02,93.72,44547.07,93.050000
2010-02-02,93.84,44640.91,93.262857
2010-10-20,93.92,44734.83,93.452857
2011-12-16,94.02,44828.85,93.627143
2012-04-08,94.13,44922.98,93.780000
2010-07-31,94.15,45017.13,93.894286
2010-12-02,94.18,45111.31,93.994286
2010-04-13,94.25,45205.56,94.070000
2011-07-01,94.38,45299.94,94.147143
2009-07-30,94.40,45394.34,94.215714
2012-08-02,94.68,45489.02,94.310000
2010-02-26,94.70,45583.72,94.391429
2011-11-09,94.74,45678.46,94.475714
2010-09-08,94.84,45773.30,94.570000
2009-10-23,95.18,45868.48,94.702857
2009-08-10,95.21,45963.69,94.821429
2012-03-16,95.25,46058.94,94.942857
2012-12-05,95.35,46154.29,95.038571
2009-07-14,95.41,46249.70,95.140000
2009-10-22,95.44,46345.14,95.240000
2011-07-17,95.50,46440.64,95.334286
2011-07-19,95.57,46536.21,95.390000
2009-01-31,95.60,46631.81,95.445714
2011-09-02,95.88,46727.69,95.535714
2009-12-02,96.60,46824.29,95.714286
2012-06-30,96.63,46920.92,95.888571
2009-11-03,96.74,47017.66,96.074286
2009-03-08,96.78,47114.44,96.257143
2009-09-12,97.05,47211.49,96.468571
2010-11-11,97.06,47308.55,96.677143
2012-01-01,97.10,47405.65,96.851429
2010-12-21,97.23,47502.88,96.941429
2011-06-18,97.32,47600.20,97.040000
2009-01-02,97.36,47697.56,97.128571
2011-12-31,97.49,47795.05,97.230000
2011-01-17,98.57,47893.62,97.447143
2009-06-09,98.60,47992.22,97.667143
2012-09-12,98.84,48091.06,97.915714
2012-09-18,98.93,48189.99,98.158571
2011-11-18,99.15,48289.14,98.420000
2010-06-24,99.28,48388.42,98.694286
2009-06-24,99.40,48487.82,98.967143
2012-01-07,99.43,48587.25,99.090000
2010-10-25,99.45,48686.70,99.211429
2012-09-19,99.72,48786.42,99.337143
2011-09-17,99.82,48886.24,99.464286
2012-12-28,99.85,48986.09,99.564286
2012-11-12,99.85,49085.94,99.645714
2009-05-06,99.88,49185.82,99.714286
2009-11-07,99.88,49285.70,99.778571
2012-11-15,100.11,49385.81,99.872857
2012-03-25,100.59,49486.40,99.997143
2010-09-19,100.64,49587.04,100.114286
2009-07-08,100.80,49687.84,100.250000
2009-12-17,101.28,49789.12,100.454286
2011-03-06,101.44,49890.56,100.677143
2010-02-05,101.59,49992.15,100.921429
2009-12-11,101.70,50093.85,101.148571
2009-02-09,101.79,50195.64,101.320000
2012-09-14,101.97,50297.61,101.510000
2011-09-04,102.12,50399.73,101.698571
2010-12-13,102.15,50501.88,101.822857
2010-05-15,102.15,50604.03,101.924286
2009-07-13,102.16,50706.19,102.005714
2012-08-22,102.39,50808.58,102.104286
2010-03-27,102.43,50911.01,102.195714
2012-06-09,102.55,51013.56,102.278571
2011-03-23,102.57,51116.13,102.342857
2011-07-29,102.59,51218.72,102.405714
2010-10-18,102.65,51321.37,102.477143
2010-04-22,102.71,51424.08,102.555714
2010-12-14,102.75,51526.83,102.607143
2009-02-20,102.81,51629.64,102.661429
2009-12-26,102.83,51732.47,102.701429
2010-06-26,102.91,51835.38,102.750000
2010-11-09,102.98,51938.36,102.805714
2012-08-20,103.04,52041.40,102.861429
2010-11-29,103.55,52144.95,102.981429
2010-11-26,103.67,52248.62,103.112857
2011-02-17,103.73,52352.35,103.244286
2010-05-28,103.73,52456.08,103.372857
2010-06-03,103.93,52560.01,103.518571
2009-11-01,104.02,52664.03,103.667143
2010-09-15,104.05,52768.08,103.811429
2010-09-04,104.08,52872.16,103.887143
2010-04-21,104.10,52976.26,103.948571
2009-04-18,104.17,53080.43,104.011429
2010-09-12,104.28,53184.71,104.090000
2012-08-15,104.28,53288.99,104.140000
2011-05-07,104.40,53393.39,104.194286
2009-01-26,104.57,53497.96,104.268571
2009-07-29,104.77,53602.73,104.367143
2012-11-02,105.28,53708.01,104.535714
2010-07-18,105.64,53813.65,104.745714
2009-04-19,105.90,53919.55,104.977143
2010-08-05,105.93,54025.48,105.212857
2010-05-21,106.21,54131.69,105.471429
2010-12-18,106.60,54238.29,105.761429
2009-06-25,106.69,54344.98,106.035714
2012-08-10,106.91,54451.89,106.268571
2009-04-03,107.13,54559.02,106.481429
2012-10-01,107.54,54666.56,106.715714
2012-06-06,107.56,54774.12,106.948571
2010-09-25,107.66,54881.78,107.155714
2010-02-27,107.67,54989.45,107.308571
2012-07-18,107.91,55097.36,107.482857
2011-12-27,107.96,55205.32,107.632857
2009-01-15,108.01,55313.33,107.758571
2010-03-30,108.21,55421.54,107.854286
2012-01-13,108.32,55529.86,107.962857
2009-10-01,108.46,55638.32,108.077143
2010-07-06,108.65,55746.97,108.217143
2010-10-23,108.78,55855.75,108.341429
2009-03-07,108.94,55964.69,108.481429
2010-11-18,109.01,56073.70,108.624286
2011-12-22,109.08,56182.78,108.748571
2009-05-16,109.11,56291.89,108.861429
2012-02-10,109.16,56401.05,108.961429
2009-01-08,109.38,56510.43,109.065714
2010-03-21,109.47,56619.90,109.164286
2010-02-25,109.73,56729.63,109.277143
2010-10-27,109.74,56839.37,109.381429
2011-01-16,109.99,56949.36,109.511429
2010-04-05,110.03,57059.39,109.642857
2011-04-04,110.15,57169.54,109.784286
2009-07-28,110.21,57279.75,109.902857
2010-09-02,110.23,57389.98,110.011429
2009-03-02,110.56,57500.54,110.130000
2012-02-19,110.67,57611.21,110.262857
2012-11-11,110.79,57722.00,110.377143
2012-08-09,110.91,57832.91,110.502857
2009-08-16,110.96,57943.87,110.618571
2011-03-19,111.13,58055.00,110.750000
2010-07-01,111.27,58166.27,110.898571
2012-07-02,111.42,58277.69,111.021429
2009-12-15,111.50,58389.19,111.140000
2012-01-12,111.69,58500.88,111.268571
2012-10-07,111.76,58612.64,111.390000
2011-02-07,112.15,58724.79,111.560000
2012-12-04,112.59,58837.38,111.768571
2009-03-22,112.65,58950.03,111.965714
2010-10-31,113.01,59063.04,112.192857
2011-02-11,113.57,59176.61,112.488571
2009-05-01,113.60,59290.21,112.761429
2012-11-03,113.73,59403.94,113.042857
2009-05-27,113.91,59517.85,113.294286
2012-09-10,114.16,59632.01,113.518571
2010-10-03,114.19,59746.20,113.738571
2009-02-26,114.36,59860.56,113.931429
2011-01-19,114.53,59975.09,114.068571
2010-07-12,114.63,60089.72,114.215714
2012-08-30,114.78,60204.50,114.365714
2010-06-18,114.87,60319.37,114.502857
2010-11-14,114.87,60434.24,114.604286
2009-05-05,115.40,60549.64,114.777143
2010-04-08,115.41,60665.05,114.927143
2010-10-16,115.47,60780.52,115.061429
2010-04-30,115.68,60896.20,115.211429
2010-07-23,115.74,61011.94,115.348571
2012-10-19,116.09,61128.03,115.522857
2010-12-01,116.41,61244.44,115.742857
2012-01-20,116.59,61361.03,115.912857
2010-01-22,116.62,61477.65,116.085714
2011-04-09,116.68,61594.33,116.258571
2009-11-22,116.81,61711.14,116.420000
2012-02-18,117.13,61828.27,116.618571
2011-10-01,117.23,61945.50,116.781429
2011-04-10,117.58,62063.08,116.948571
2012-11-07,117.59,62180.67,117.091429
2010-08-10,117.63,62298.30,117.235714
2009-05-23,117.95,62416.25,117.417143
2010-04-10,118.08,62534.33,117.598571
2009-11-12,118.25,62652.58,117.758571
2011-01-27,118.59,62771.17,117.952857
2010-06-08,118.59,62889.76,118.097143
2012-01-14,118.75,63008.51,118.262857
2012-12-22,118.81,63127.32,118.431429
2009-07-09,119.02,63246.34,118.584286
2010-10-14,119.32,63365.66,118.761429
2009-06-08,119.41,63485.07,118.927143
2012-12-29,119.72,63604.79,119.088571
2012-03-05,120.03,63724.82,119.294286
2011-12-12,120.25,63845.07,119.508571
2011-04-25,120.55,63965.62,119.757143
2009-04-02,120.66,64086.28,119.991429
2011-05-29,120.85,64207.13,120.210000
2010-03-12,121.07,64328.20,120.447143
2012-05-31,121.32,64449.52,120.675714
2012-07-09,121.60,64571.12,120.900000
2009-09-27,121.67,64692.79,121.102857
2009-12-28,121.69,64814.48,121.265714
2009-07-02,121.70,64936.18,121.414286
2009-03-14,121.91,65058.09,121.565714
2010-10-24,122.01,65180.10,121.700000
2011-08-23,122.28,65302.38,121.837143
2010-08-23,122.93,65425.31,122.027143
2012-09-15,122.94,65548.25,122.208571
2011-01-09,123.18,65671.43,122.421429
2011-03-16,123.25,65794.68,122.642857
2009-08-04,123.36,65918.04,122.850000
2012-11-08,123.42,66041.46,123.051429
2010-06-13,123.51,66164.97,123.227143
2010-12-09,123.52,66288.49,123.311429
2011-06-05,123.60,66412.09,123.405714
2010-05-17,123.65,66535.74,123.472857
2011-08-01,123.67,66659.41,123.532857
2009-06-01,123.74,66783.15,123.587143
2012-04-11,123.78,66906.93,123.638571
2010-07-30,123.81,67030.74,123.681429
2012-10-29,123.81,67154.55,123.722857
2011-05-02,123.95,67278.50,123.772857
2010-11-23,123.97,67402.47,123.818571
2009-08-12,124.22,67526.69,123.897143
2012-06-17,124.32,67651.01,123.980000
2009-06-22,124.42,67775.43,124.071429
2011-02-16,124.88,67900.31,124.224286
2012-07-03,124.99,68025.30,124.392857
2010-10-09,125.08,68150.38,124.554286
2009-01-10,125.19,68275.57,124.728571
2012-06-14,125.28,68400.85,124.880000
2010-05-16,125.87,68526.72,125.101429
2011-02-09,126.46,68653.18,125.392857
2009-07-19,126.50,68779.68,125.624286
2012-11-20,127.09,68906.77,125.924286
2010-09-22,127.39,69034.16,126.254286
2009-04-01,127.73,69161.89,126.617143
2010-06-29,127.79,69289.68,126.975714
2009-10-04,127.84,69417.52,127.257143
2009-06-02,127.85,69545.37,127.455714
2010-08-31,128.05,69673.42,127.677143
2010-02-04,128.13,69801.55,127.825714
2009-12-21,128.15,69929.70,127.934286
2011-04-15,128.51,70058.21,128.045714
2011-08-05,129.13,70187.34,128.237143
2010-04-12,129.13,70316.47,128.421429
2012-05-01,129.19,70445.66,128.612857
2009-05-18,129.23,70574.89,128.781429
2011-11-20,129.41,70704.30,128.964286
2012-02-08,129.43,70833.73,129.147143
2009-11-25,130.25,70963.98,129.395714
2011-10-21,130.39,71094.37,129.575714
2009-04-10,130.40,71224.77,129.757143
2011-12-18,130.46,71355.23,129.938571
2010-09-30,130.52,71485.75,130.122857
2010-06-12,130.53,71616.28,130.282857
2011-11-19,130.96,71747.24,130.501429
2012-04-09,131.17,71878.41,130.632857
2011-07-05,131.34,72009.75,130.768571
2012-02-16,131.71,72141.46,130.955714
2011-04-13,131.99,72273.45,131.174286
2011-10-20,132.12,72405.57,131.402857
2010-08-22,132.13,72537.70,131.631429
2009-12-24,132.32,72670.02,131.825714
2011-06-07,132.42,72802.44,132.004286
2011-07-28,132.43,72934.87,132.160000
2010-03-04,132.46,73067.33,132.267143
2012-04-04,132.50,73199.83,132.340000
2009-01-20,132.62,73332.45,132.411429
2010-11-10,133.13,73465.58,132.554286
2010-02-12,133.23,73598.81,132.684286
2010-10-10,133.95,73732.76,132.902857
2010-05-13,134.89,73867.65,133.254286
2009-11-17,134.94,74002.59,133.608571
2012-01-09,135.21,74137.80,133.995714
2010-12-27,135.51,74273.31,134.408571
2010-09-07,135.67,74408.98,134.771429
2011-10-08,135.96,74544.94,135.161429
2010-01-11,136.02,74680.96,135.457143
2011-04-22,137.37,74818.33,135.811429
2010-11-19,137.38,74955.71,136.160000
2011-11-01,137.41,75093.12,136.474286
2009-08-26,137.54,75230.66,136.764286
2012-10-20,137.57,75368.23,137.035714
2009-03-20,137.62,75505.85,137.272857
2010-11-01,137.68,75643.53,137.510000
2012-03-15,138.03,75781.56,137.604286
2010-08-29,138.73,75920.29,137.797143
2009-09-10,138.91,76059.20,138.011429
2011-08-26,138.94,76198.14,138.211429
2010-08-12,139.18,76337.32,138.441429
2011-03-28,139.33,76476.65,138.685714
2012-02-12,139.43,76616.08,138.935714
2011-11-26,139.53,76755.61,139.150000
2009-03-09,140.13,76895.74,139.350000
2011-11-04,140.66,77036.40,139.600000
2009-04-30,140.98,77177.38,139.891429
2009-08-30,141.00,77318.38,140.151429
2010-04-09,141.51,77459.89,140.462857
2012-03-07,141.55,77601.44,140.765714
2011-02-06,142.25,77743.69,141.154286
2010-04-20,142.37,77886.06,141.474286
2012-07-28,142.43,78028.49,141.727143
2010-09-23,143.03,78171.52,142.020000
2011-09-24,143.07,78314.59,142.315714
2012-11-25,143.11,78457.70,142.544286
2012-08-18,143.70,78601.40,142.851429
2012-05-03,144.27,78745.67,143.140000
2009-10-21,144.46,78890.13,143.438571
2012-02-13,144.56,79034.69,143.742857
2009-01-19,144.95,79179.64,144.017143
2009-03-19,144.96,79324.60,144.287143
2010-05-08,145.08,79469.68,144.568571
2010-07-25,145.12,79614.80,144.771429
2009-05-25,145.32,79760.12,144.921429
2011-06-08,145.54,79905.66,145.075714
2012-12-12,145.66,80051.32,145.232857
2012-11-19,145.69,80197.01,145.338571
2009-12-06,146.50,80343.51,145.558571
2009-01-22,146.60,80490.11,145.775714
2010-09-26,146.77,80636.88,146.011429
2012-04-10,147.05,80783.93,146.258571
2009-08-22,147.29,80931.22,146.508571
2012-08-05,147.77,81078.99,146.810000
2010-03-14,148.63,81227.62,147.230000
2009-02-27,150.46,81378.08,147.795714
2012-04-14,150.46,81528.54,148.347143
2012-12-07,150.55,81679.09,148.887143
2011-04-01,150.84,81829.93,149.428571
2012-02-02,150.98,81980.91,149.955714
2010-12-17,151.12,82132.03,150.434286
2010-02-06,151.18,82283.21,150.798571
2012-01-08,151.22,82434.43,150.907143
2012-01-06,152.80,82587.23,151.241429
2011-05-22,153.00,82740.23,151.591429
2010-12-04,153.50,82893.73,151.971429
2011-11-24,153.65,83047.38,152.352857
2011-11-13,153.80,83201.18,152.735714
2011-05-05,154.02,83355.20,153.141429
2010-12-30,154.29,83509.49,153.580000
2011-09-15,154.51,83664.00,153.824286
2010-01-15,155.53,83819.53,154.185714
2009-08-01,155.79,83975.32,154.512857
2011-03-07,156.48,84131.80,154.917143
2009-08-23,156.70,84288.50,155.331429
2012-07-05,157.08,84445.58,155.768571
2012-12-06,157.50,84603.08,156.227143
2009-04-11,157.68,84760.76,156.680000
2009-09-25,157.74,84918.50,156.995714
2011-03-05,158.15,85076.65,157.332857
2010-09-16,158.15,85234.80,157.571429
2012-09-06,159.03,85393.83,157.904286
2012-06-04,159.53,85553.36,158.254286
2011-05-21,159.92,85713.28,158.600000
2011-05-13,160.25,85873.53,158.967143
2012-10-26,160.45,86033.98,159.354286
2012-12-13,161.05,86195.03,159.768571
2012-09-05,162.37,86357.40,160.371429
2012-03-28,162.49,86519.89,160.865714
2012-04-27,162.59,86682.48,161.302857
2009-01-16,162.92,86845.40,161.731429
2009-01-14,163.27,87008.67,162.162857
2010-12-25,163.81,87172.48,162.642857
2012-01-04,163.96,87336.44,163.058571
2010-03-05,163.97,87500.41,163.287143
2009-08-07,164.08,87664.49,163.514286
2011-06-03,164.94,87829.43,163.850000
2012-05-14,165.23,87994.66,164.180000
2009-12-03,165.85,88160.51,164.548571
2012-09-03,166.58,88327.09,164.944286
2011-08-14,166.82,88493.91,165.352857
2011-11-08,167.01,88660.92,165.787143
2010-09-24,167.09,88828.01,166.217143
2012-07-08,168.10,88996.11,166.668571
2010-02-13,168.72,89164.83,167.167143
2011-02-15,169.07,89333.90,167.627143
2010-08-28,169.45,89503.35,168.037143
2012-10-31,170.59,89673.94,168.575714
2009-05-11,170.95,89844.89,169.138571
2009-07-01,171.08,90015.97,169.708571
2009-06-14,171.22,90187.19,170.154286
2009-08-18,171.56,90358.75,170.560000
2010-12-12,172.64,90531.39,171.070000
2009-06-07,172.69,90704.08,171.532857
2011-02-13,172.86,90876.94,171.857143
2010-01-10,172.93,91049.87,172.140000
2009-05-08,173.12,91222.99,172.431429
2009-02-25,173.51,91396.50,172.758571
2011-08-17,173.77,91570.27,173.074286
2011-12-01,173.87,91744.14,173.250000
2012-04-12,174.14,91918.28,173.457143
2009-09-16,174.15,92092.43,173.641429
2011-03-10,174.83,92267.26,173.912857
2012-07-25,174.87,92442.13,174.162857
2012-05-29,176.30,92618.43,174.561429
2011-07-16,176.73,92795.16,174.984286
2009-09-15,178.24,92973.40,175.608571
2009-08-24,178.61,93152.01,176.247143
2009-02-15,179.18,93331.19,176.965714
2010-12-26,179.53,93510.72,177.637143
2011-08-16,179.68,93690.40,178.324286
2009-03-28,179.83,93870.23,178.828571
2010-10-28,180.28,94050.51,179.335714
2012-05-27,181.10,94231.61,179.744286
2012-05-15,181.36,94412.97,180.137143
2009-12-13,181.53,94594.50,180.472857
2011-11-12,182.73,94777.23,180.930000
2010-09-11,183.41,94960.64,181.462857
2009-07-05,183.61,95144.25,182.002857
2010-07-29,183.84,95328.09,182.511429
2012-01-11,185.34,95513.43,183.117143
2010-10-13,185.53,95698.96,183.712857
2011-03-12,185.80,95884.76,184.322857
2009-11-08,186.48,96071.24,184.858571
2012-02-25,189.21,96260.45,185.687143
2012-09-09,190.30,96450.75,186.642857
2010-01-04,190.90,96641.65,187.651429
2010-10-30,191.97,96833.62,188.598571
2012-08-01,192.97,97026.59,189.661429
2010-01-03,193.40,97219.99,190.747143
2009-03-25,194.94,97414.93,191.955714
2009-03-06,195.00,97609.93,192.782857
2010-07-27,197.10,97807.03,193.754286
2012-12-09,197.42,98004.45,194.685714
2012-06-05,197.79,98202.24,195.517143
2012-06-10,198.89,98401.13,196.362857
2009-05-02,199.04,98600.17,197.168571
2011-12-19,200.00,98800.17,197.891429
2012-12-30,201.90,99002.07,198.877143
2010-09-21,201.92,99203.99,199.565714
2011-09-12,202.20,99406.19,200.248571
2011-05-10,203.40,99609.59,201.050000
2011-06-02,203.48,99813.07,201.705714
2011-01-22,203.52,100016.59,202.345714
2009-01-28,204.86,100221.45,203.040000
2012-09-20,206.20,100427.65,203.654286
2009-02-16,209.23,100636.88,204.698571
2010-05-01,211.57,100848.45,206.037143
2012-07-22,213.42,101061.87,207.468571
2010-01-13,214.58,101276.45,209.054286
2010-06-15,216.07,101492.52,210.847143
2009-03-15,216.78,101709.30,212.550000
2011-04-30,218.34,101927.64,214.284286
2009-04-21,219.18,102146.82,215.705714
2009-11-21,219.94,102366.76,216.901429
2012-10-12,220.15,102586.91,217.862857
2009-01-23,220.88,102807.79,218.762857
2009-05-09,221.96,103029.75,219.604286
2012-02-06,222.29,103252.04,220.391429
2012-03-12,223.68,103475.72,221.154286
2012-04-15,223.88,103699.60,221.825714
2012-02-29,224.29,103923.89,222.447143
2011-02-21,235.08,104158.97,224.580000
2009-04-07,235.09,104394.06,226.610000
2010-05-27,237.62,104631.68,228.847143
2009-12-14,238.18,104869.86,231.117143
2011-07-02,251.26,105121.12,235.057143
2012-08-14,253.33,105374.45,239.264286
2009-06-10,255.06,105629.51,243.660000
2012-01-21,258.63,105888.14,247.024286
2011-10-29,260.55,106148.69,250.661429
2012-03-30,262.66,106411.35,254.238571
2012-12-01,264.05,106675.40,257.934286
2009-04-25,273.62,106949.02,261.128571
2010-11-15,287.31,107236.33,265.982857
2009-11-04,292.59,107528.92,271.344286
2011-02-14,302.12,107831.04,277.557143
